{"cameraMode":{"drawMode":0,"name":"Shaded","section":"Shading Mode"},"sceneLighting":true,"audioPlay":false,"sceneViewState":{"showFog":true,"showMaterialUpdate":false,"showSkybox":true,"showFlares":true,"showImageEffects":true,"showParticleSystems":true},"in2DMode":false,"pivot":{"x":1.968980073928833,"y":98.11943817138672,"z":-14.336776733398438},"rotation":{"x":0.6555221080780029,"y":-0.00566365709528327,"z":0.004916523117572069,"w":0.7551386952400208},"size":6.574642181396484,"orthographic":true}