{"cameraMode":{"drawMode":0,"name":"Shaded","section":"Shading Mode"},"sceneLighting":true,"audioPlay":false,"sceneViewState":{"showFog":true,"showMaterialUpdate":false,"showSkybox":true,"showFlares":true,"showImageEffects":true,"showParticleSystems":true},"in2DMode":false,"pivot":{"x":2.9293951988220217,"y":0.904294490814209,"z":10.062577247619629},"rotation":{"x":0.6185407042503357,"y":0.004714441020041704,"z":-0.0037112885620445015,"w":0.7857301235198975},"size":13.186408996582032,"orthographic":true}