{"cameraMode":{"drawMode":0,"name":"Shaded","section":"Shading Mode"},"sceneLighting":true,"audioPlay":false,"sceneViewState":{"showFog":true,"showMaterialUpdate":false,"showSkybox":true,"showFlares":true,"showImageEffects":true,"showParticleSystems":true},"in2DMode":false,"pivot":{"x":3.0829319953918459,"y":-2.3085227012634279,"z":18.798173904418947},"rotation":{"x":0.21172086894512177,"y":0.07029848545789719,"z":-0.015270299278199673,"w":0.9746800065040588},"size":21.925891876220704,"orthographic":false}